,Category,Survived %
0,Young (<= 20),41.891891891891895
1,Middle aged (> 20  and <= 45),37.61467889908257
2,Adult (> 45),36.666666666666664
